cluster,n_hospitals,avg_mortality_score,avg_readmission_score,avg_infection_score,avg_patient_exp_score,avg_quality_score,cluster_label
1,128,56.887944417906375,66.24729807212499,48.19436802641007,76.3671875,60.95023735000567,High Performers
3,119,58.93799801891549,50.456819070327356,51.88505743171462,31.722689075630253,49.61140634631119,Above Average
4,126,29.147951008193946,51.09606793738531,56.17101066379395,63.29365079365079,48.21988511148316,Below Average
2,127,40.38158223261536,41.0909858054938,25.493925425357247,49.803149606299215,38.72133239875721,Needs Improvement
