cluster,n_hospitals,avg_mortality_score,avg_readmission_score,avg_infection_score,avg_patient_exp_score,avg_quality_score,cluster_label
2,144,61.39151110302332,64.47748200180835,45.941441748842706,66.84027777777777,59.39023982412532,High Performers
3,182,36.953897746855304,51.71947946878855,55.708908759374516,62.362637362637365,50.41579385362483,Above Average
1,62,49.9322435358396,46.74012706596733,43.876894983803275,13.709677419354838,40.3758640570655,Below Average
4,112,39.5946011815399,40.581114556601094,28.42428856587163,53.794642857142854,39.888659706508726,Needs Improvement
